{
    "normals":[1,0,-0,1,0,-0,1,-0,-0,-1,-0,0,-1,0,0,-1,0,-0,-1,-0,-0,0,0.660207,0.751061,0,-0.537278,0.843379,0,0.860103,0.510086,0,0.510086,-0.860103,0,-0.633503,-0.773705,0,-0.773705,0.633503,0,-0.845271,-0.534318,0,0.75219,-0.658925,0,0.155034,0.987884],
    "faces":[32,4,6,5,0,0,0,32,4,10,6,1,1,1,32,10,7,6,2,2,2,32,4,8,10,1,1,1,32,9,7,10,2,2,2,32,4,9,8,0,0,0,32,4,2,9,1,1,1,32,2,1,9,2,2,2,32,1,7,9,2,2,2,32,4,3,2,2,2,2,32,0,7,1,2,2,2,32,17,15,16,3,3,3,32,21,15,17,3,3,3,32,18,21,17,4,4,4,32,19,15,21,3,3,3,32,18,20,21,5,5,5,32,20,15,19,3,3,3,32,13,15,20,3,3,3,32,12,13,20,3,3,3,32,18,12,20,5,5,5,32,14,15,13,3,3,3,32,18,11,12,6,6,6,33,23,25,24,22,7,7,7,7,33,25,27,26,24,7,8,8,7,33,27,29,28,26,8,8,8,8,33,29,31,30,28,8,9,9,8,33,31,33,32,30,9,10,10,9,33,33,35,34,32,10,11,11,10,33,35,37,36,34,11,12,12,11,33,37,23,22,36,12,7,7,12,33,39,41,40,38,13,14,14,13,33,41,43,42,40,14,15,15,14,33,43,39,38,42,15,13,13,15],
    "metadata":{
        "version":3,
        "uvs":0,
        "normals":16,
        "type":"Geometry",
        "generator":"io_three",
        "faces":33,
        "vertices":44
    },
    "vertices":[0.06296,1.25516,0.40496,0.06296,1.27839,0.407963,0.06296,1.27839,0.457086,0.06296,1.25516,0.467921,0.06296,1.25516,0.512103,0.06296,1.39591,0.435171,0.06296,1.39591,0.387975,0.06296,1.25516,0.359645,0.06296,1.30883,0.442432,0.06296,1.30883,0.411682,0.06296,1.35943,0.418401,-0.08704,1.25516,0.40496,-0.08704,1.27839,0.407963,-0.08704,1.27839,0.457086,-0.08704,1.25516,0.467921,-0.08704,1.25516,0.512103,-0.08704,1.39591,0.435171,-0.08704,1.39591,0.387975,-0.08704,1.25516,0.359645,-0.08704,1.30883,0.442432,-0.08704,1.30883,0.411682,-0.08704,1.35943,0.418401,-0.08704,1.25516,0.40496,0.06296,1.25516,0.40496,-0.08704,1.27839,0.407963,0.06296,1.27839,0.407963,-0.08704,1.27839,0.457086,0.06296,1.27839,0.457086,-0.08704,1.25516,0.467921,0.06296,1.25516,0.467921,-0.08704,1.25516,0.512103,0.06296,1.25516,0.512103,-0.08704,1.39591,0.435171,0.06296,1.39591,0.435171,-0.08704,1.39591,0.387975,0.06296,1.39591,0.387975,-0.08704,1.25516,0.359645,0.06296,1.25516,0.359645,-0.08704,1.30883,0.442432,0.06296,1.30883,0.442432,-0.08704,1.30883,0.411682,0.06296,1.30883,0.411682,-0.08704,1.35943,0.418401,0.06296,1.35943,0.418401],
    "uvs":[],
    "name":"MeshGeometry"
}