{
    "geometries":[{
        "data":{
            "normals":[0,1,-0,-0,1,-0,0,1,-0,0,1,0,0,-1,0,0,-1,-0,0,-1,0,-0.060244,0,-0.998169,-0.199438,0,-0.979888,0.828944,0,-0.559313,0.828059,0,0.560594,-0.199591,0,0.979858,-0.061617,0,0.998077,0.097598,0,0.995209,-0.850612,0,0.525742,-0.845729,0,-0.533555,0.109531,0,-0.993957,-0.999969,0,0.007447,0.382702,0,0.923856,0.375835,0,-0.926664,-0.436079,0,0.899869,1,0,-0,-0.436079,0,-0.899869],
            "faces":[32,0,2,1,0,0,0,32,0,13,2,0,0,0,32,13,3,2,0,0,0,32,8,0,9,0,0,0,32,7,11,8,0,0,0,32,11,0,8,0,0,0,32,0,14,13,0,0,0,32,15,3,13,0,0,0,32,7,12,11,0,0,0,32,10,0,11,0,0,0,32,10,14,0,0,0,0,32,12,14,10,1,1,1,32,12,5,14,2,2,2,32,5,15,14,2,2,2,32,12,6,5,3,3,3,32,4,15,5,0,0,0,32,7,6,12,2,2,2,32,4,3,15,0,0,0,32,18,16,17,4,4,4,32,29,16,18,4,4,4,32,19,29,18,4,4,4,32,16,24,25,4,4,4,32,27,23,24,5,5,5,32,16,27,24,5,5,5,32,30,16,29,4,4,4,32,19,31,29,5,5,5,32,28,23,27,4,4,4,32,16,26,27,5,5,5,32,30,26,16,4,4,4,32,30,28,26,4,4,4,32,21,28,30,4,4,4,32,31,21,30,6,6,6,32,22,28,21,6,6,6,32,31,20,21,5,5,5,32,22,23,28,6,6,6,32,19,20,31,4,4,4,33,33,35,34,32,7,8,8,7,33,35,37,36,34,8,9,9,8,33,37,39,38,36,9,10,10,9,33,39,41,40,38,10,11,11,10,33,41,43,42,40,11,12,12,11,33,43,45,44,42,12,13,13,12,33,45,47,46,44,13,14,14,13,33,47,49,48,46,14,15,15,14,33,49,51,50,48,15,16,16,15,33,51,33,32,50,16,7,7,16,33,53,55,54,52,17,18,18,17,33,55,57,56,54,18,19,19,18,33,57,53,52,56,19,17,17,19,33,59,61,60,58,20,21,21,20,33,61,63,62,60,21,22,22,21,33,63,59,58,62,22,20,20,22],
            "metadata":{
                "version":3,
                "normals":23,
                "faces":52,
                "generator":"io_three",
                "vertices":64,
                "uvs":0
            },
            "vertices":[0.052046,0.083362,0.005,0.095389,0.126694,0.005,0.122229,0.11586,0.005,0.122229,0.028953,0.005,0.095139,0.018117,0.005,0.052046,0.060956,0.005,0.024712,0.039781,0.005,0.013876,0.045198,0.005,0.013876,0.099613,0.005,0.024712,0.104782,0.005,0.040966,0.072282,0.005,0.024712,0.088532,0.005,0.024712,0.05554,0.005,0.095142,0.094443,0.005,0.067069,0.072282,0.005,0.095142,0.05012,0.005,0.052046,0.083362,-0.005,0.095389,0.126694,-0.005,0.122229,0.11586,-0.005,0.122229,0.028953,-0.005,0.095139,0.018117,-0.005,0.052046,0.060956,-0.005,0.024712,0.039781,-0.005,0.013876,0.045198,-0.005,0.013876,0.099613,-0.005,0.024712,0.104782,-0.005,0.040966,0.072282,-0.005,0.024712,0.088532,-0.005,0.024712,0.05554,-0.005,0.095142,0.094443,-0.005,0.067069,0.072282,-0.005,0.095142,0.05012,-0.005,0.052046,0.083362,-0.005,0.052046,0.083362,0.005,0.095389,0.126694,-0.005,0.095389,0.126694,0.005,0.122229,0.11586,-0.005,0.122229,0.11586,0.005,0.122229,0.028953,-0.005,0.122229,0.028953,0.005,0.095139,0.018117,-0.005,0.095139,0.018117,0.005,0.052046,0.060956,-0.005,0.052046,0.060956,0.005,0.024712,0.039781,-0.005,0.024712,0.039781,0.005,0.013876,0.045198,-0.005,0.013876,0.045198,0.005,0.013876,0.099613,-0.005,0.013876,0.099613,0.005,0.024712,0.104782,-0.005,0.024712,0.104782,0.005,0.040966,0.072282,-0.005,0.040966,0.072282,0.005,0.024712,0.088532,-0.005,0.024712,0.088532,0.005,0.024712,0.05554,-0.005,0.024712,0.05554,0.005,0.095142,0.094443,-0.005,0.095142,0.094443,0.005,0.067069,0.072282,-0.005,0.067069,0.072282,0.005,0.095142,0.05012,-0.005,0.095142,0.05012,0.005],
            "uvs":[],
            "name":"MeshGeometry"
        },
        "uuid":"600CD2EA-0468-4E80-B232-8F07134C9773",
        "type":"Geometry"
    }],
    "animations":[{
        "fps":24,
        "tracks":[],
        "name":"default"
    }],
    "textures":[],
    "object":{
        "matrix":[1,0,0,0,0,1,0,0,0,0,1,0,0,0,0,1],
        "uuid":"4C2425B5-99E1-45B0-9DF0-EB1603A66A3C",
        "type":"Scene",
        "children":[{
            "name":"Curve",
            "uuid":"B73DD6EB-BE28-47A5-84F1-8B454701A7CF",
            "matrix":[0,0,10,0,-0,10,0,0,-10,-0,0,0,-0.027008,0.399841,-0.688573,1],
            "visible":true,
            "type":"Mesh",
            "castShadow":true,
            "receiveShadow":true,
            "geometry":"600CD2EA-0468-4E80-B232-8F07134C9773"
        }]
    },
    "metadata":{
        "version":4.4,
        "sourceFile":"VS.blend",
        "type":"Object",
        "generator":"io_three"
    },
    "materials":[],
    "images":[]
}