{
    "vertices":[-0.999885,-1.00512,-0.042531,-0.999885,2.99488,-0.042531,-0.999885,-1.00512,-0.142531,-0.999885,2.99488,-0.142531,3.00012,-1.00512,-0.042531,3.00012,2.99488,-0.042531,3.00012,-1.00512,-0.142531,3.00012,2.99488,-0.142531],
    "metadata":{
        "vertices":8,
        "version":3,
        "type":"Geometry",
        "faces":6,
        "uvs":0,
        "generator":"io_three",
        "normals":6
    },
    "faces":[33,2,0,1,3,0,0,0,0,33,3,7,6,2,1,1,1,1,33,7,5,4,6,2,2,2,2,33,0,4,5,1,3,3,3,3,33,0,2,6,4,4,4,4,4,33,5,7,3,1,5,5,5,5],
    "uvs":[],
    "name":"Cube.001Geometry",
    "normals":[-1,0,0,0,-1,0,1,0,0,0,1,-0,-0,0,1,-0,0,-1]
}