{
    "vertices":[-1.05592,-2,1,-1.05592,2,1,-1.05592,-2,-1,-1.05592,2,-1,-0.955916,-2,1,-0.955916,2,1,-0.955916,-2,-1,-0.955916,2,-1],
    "faces":[33,0,1,3,2,0,0,0,0,33,2,3,7,6,1,1,1,1,33,6,7,5,4,2,2,2,2,33,1,0,4,5,3,3,3,3,33,4,0,2,6,4,4,4,4,33,7,3,1,5,5,5,5,5],
    "normals":[-1,0,-0,0,-1,0,1,0,-0,0,1,-0,0,0,1,0,0,-1],
    "metadata":{
        "vertices":8,
        "type":"Geometry",
        "faces":6,
        "normals":6,
        "generator":"io_three",
        "uvs":0,
        "version":3
    },
    "uvs":[],
    "name":"Cube.001Geometry"
}